{"cameraMode":{"drawMode":0,"name":"Shaded","section":"Shading Mode"},"sceneLighting":true,"audioPlay":false,"sceneViewState":{"showFog":true,"showMaterialUpdate":false,"showSkybox":true,"showFlares":true,"showImageEffects":true,"showParticleSystems":true},"in2DMode":false,"pivot":{"x":3.734531879425049,"y":3.330397844314575,"z":-3.6565873622894289},"rotation":{"x":-0.1394200176000595,"y":0.5570083856582642,"z":-0.09550703316926956,"w":-0.8131360411643982},"size":3.6073946952819826,"orthographic":false}