{"cameraMode":{"drawMode":0,"name":"Shaded","section":"Shading Mode"},"sceneLighting":true,"audioPlay":false,"sceneViewState":{"showFog":true,"showMaterialUpdate":false,"showSkybox":true,"showFlares":true,"showImageEffects":true,"showParticleSystems":true},"in2DMode":false,"pivot":{"x":3.587533950805664,"y":2.0395681858062746,"z":-1.973658800125122},"rotation":{"x":-0.05415497347712517,"y":0.9397602081298828,"z":-0.17714115977287293,"w":-0.28730717301368716},"size":0.90739506483078,"orthographic":false}