{"cameraMode":{"drawMode":0,"name":"Shaded","section":"Shading Mode"},"sceneLighting":true,"audioPlay":false,"sceneViewState":{"showFog":true,"showMaterialUpdate":false,"showSkybox":true,"showFlares":true,"showImageEffects":true,"showParticleSystems":true},"in2DMode":false,"pivot":{"x":-10.102860450744629,"y":-1.6827911138534547,"z":46.4150390625},"rotation":{"x":-0.028541890904307367,"y":0.13512630760669709,"z":-0.0038923395331948997,"w":-0.99041748046875},"size":26.336517333984376,"orthographic":false}